RecordDate,AUTOMOBILE,CEMENT_CEMENT_PRODUCTS,CONSTRUCTION,CONSUMER_GOODS,FERTILISERS_PESTICIDES,FINANCIAL_SERVICES,INFOTECH,MEDIA_ENTERTAINMENT_PUBLICATION,METALS,OIL_GAS,PHARMA,POWER,SERVICES,TELECOM
2020-01-01,35691.2,25127.4,1309.95,22941.3,588.25,22100.55,4486.2,288.65,1316.7,2375.85,3789.6,317.05,377.65,453.3
2020-01-02,35214.75,26243.3,1345.3,22906.9,595.45,22342.2,4480.25,289.6,1352,2401.45,3773.35,316.5,383.15,455.2
2020-01-03,34671.75,26098.1,1335.05,22689.45,590.75,22063.6,4557.9,273.7,1342.2,2401.6,3798.45,312.35,382.5,455.1
2020-01-06,34018.8,25958.5,1316.75,22455,584.95,21354.35,4543.85,261.5,1303.05,2346.15,3785.55,312,380.2,449.65
2020-01-07,33974.75,26947.55,1320.5,22367.75,595.05,21478.5,4550.3,267.75,1311.9,2360.35,3799.2,312.25,384.8,445.1
2020-01-08,33011.4,27502.9,1291.55,22450.5,600.85,21542.6,4583.8,264.45,1302.7,2342.25,3802.1,310.5,385.65,458.85
2020-01-09,33730.3,27959.85,1316.15,22751.4,604.55,22040.3,4549.5,272.05,1328.15,2390.45,3830.45,312.3,391.8,460.1
2020-01-10,33970.85,28546.25,1324.6,22814.2,600.3,22045.85,4560.05,263,1340.85,2392.85,3850.1,312.45,392.05,457
2020-01-13,33844.7,29057.5,1334.7,22901.3,591.95,22205.8,4591.05,265.1,1357.55,2395.75,3876.95,316.55,390.35,468.9
2020-01-14,34147.85,28803.2,1326.1,23212.05,583.55,22301.6,4630.3,269.55,1369.4,2384.75,3878.05,318.75,389.2,469.35
2020-01-15,34477.7,29001.45,1323.6,23265.55,585.8,22251.5,4633.6,272.8,1375.35,2373.8,3851.7,318.1,390.8,467.85
2020-01-16,35310.5,28519.25,1319.3,23823.2,588.1,22297.9,4632.35,279.7,1354,2377.1,3866.75,317.9,390.95,473.9
2020-01-17,35151.05,28580.9,1304.2,23882.95,589.25,22319.15,4615.3,281.7,1346.05,2409.3,3969.25,318.6,387.6,500.05
2020-01-20,35096.2,28373.55,1309.6,23869.05,584.6,21960.5,4554.25,270.75,1327.35,2357.7,3989.2,322.9,380.05,508.7
2020-01-21,34599.15,28208.7,1302.35,23672.8,577.7,21906.5,4543.6,284.1,1304.6,2362.05,3981.25,317.75,379.95,511.75
2020-01-22,34450.25,28286.55,1294.2,23901.7,562.95,21811.65,4592.35,300.35,1289.6,2344.75,3979.95,312.2,383.6,514.5
2020-01-23,34312.7,28414.35,1332.3,23936.8,542.2,21844.8,4591.9,279.25,1296.4,2361.65,3953.15,315.45,385.85,523.65
2020-01-24,34356.3,28599.4,1359.2,24274.5,543.3,22077.9,4608.75,280.8,1310.55,2355.15,3938.05,311.7,384.75,524.25
2020-01-27,34542.85,29088.5,1348.6,24138.35,537.25,21814.2,4588.55,278.95,1265.7,2335.75,4101.6,306.15,381.25,514.4
2020-01-28,34362.05,28859.95,1346.65,23863.35,536.95,21960.35,4601.5,272.5,1228.85,2313.35,4106.75,302.5,372.95,491.25
2020-01-29,33546.55,28876.7,1365.7,24374.95,542.15,22430.35,4604.05,274.25,1244.45,2321.1,4059.9,305.6,383.35,490.25
2020-01-30,33742.6,28762.55,1370.2,24007.9,544.15,22078.55,4558.45,267.85,1227.85,2269.5,4047.95,308.05,378,489.8
2020-01-31,33628.45,28201.9,1369.3,23812.95,526.55,21971.6,4479.8,269.15,1198.35,2211.45,3995.7,299.7,369.4,496.45
2020-02-01,33172.9,27440.75,1287.4,23844.85,503.65,21062.1,4579.6,252.95,1161.35,2157.8,3990.05,291.7,362.3,497.2
2020-02-03,33277.95,28418.55,1286.65,24971.65,513.3,21360,4479.55,256.6,1182.15,2171.8,4006.25,297.6,367.35,510.05
2020-02-04,33079.7,29753.35,1291.75,25226.45,522.6,22152.9,4533.45,244.5,1220.55,2243.75,4115.95,306.35,372.5,518.9
2020-02-05,32830.8,30165.15,1310.05,25170.9,537.45,22292.6,4583,226.65,1262.95,2292.65,4007.15,300.55,366.6,533.35
2020-02-06,33732.9,30278.6,1317.6,25023.2,536.85,22571.05,4560.75,235.8,1271.85,2300.85,4029.25,304.9,370.2,546.8
2020-02-07,33029.05,30177.6,1299,25086.25,543.1,22482.45,4589.95,249.75,1277.35,2274.8,4040.7,306,369.55,539.45
2020-02-10,32136.45,30132.95,1285.3,24824.35,574.1,22541.15,4594.6,230.45,1231.7,2264.85,4014.15,300.1,368.25,538.7
2020-02-11,32278.7,30039.2,1286.9,24645.9,576.65,22740.85,4598.8,231.3,1246.6,2285.75,4060.35,306.35,374.2,534.3
2020-02-12,32592.45,29899.05,1297.3,25070.6,573.9,22844.2,4631.85,232.05,1257.15,2297.2,4057.1,306.15,374.1,539.6
2020-02-13,32608.8,29818.85,1292.25,25214.85,578.75,22694.4,4668.4,237.15,1250.15,2293.55,4186.95,305.7,369.1,539.95
2020-02-14,31812.35,29611,1295.15,25086.35,591.65,22552,4669.35,238.75,1233.55,2305,4169.95,296.8,366.85,565
2020-02-17,31493.45,29215.3,1280.2,25327.4,595,22331.15,4683.2,239.2,1225.2,2269.65,4135.85,293.9,362.8,564.85
2020-02-18,31561.4,28976.85,1286.35,25083.2,585.2,22243.65,4703.3,245.6,1212.95,2269.55,4096,294.6,366.6,548.25
2020-02-19,31658.75,29763.5,1281.4,25580.65,585.2,22690.6,4691.05,252.25,1222.55,2315.1,4129.2,299.55,371.3,543.4
2020-02-20,31595.35,29586.8,1280.6,25219.7,584.35,22663.85,4637.15,256.8,1237,2292.1,4096,300.6,370.85,545.6
2020-02-24,30248.9,28951.5,1259.7,24890.45,573.25,22199.85,4570.65,249.1,1161.5,2235,4004.3,295.8,362.25,529.9
2020-02-25,29737.25,28636.45,1242.05,24935.65,566.35,22270,4603.2,251.9,1166.15,2195.15,3901.6,296.25,358.4,535.25
2020-02-26,29128.5,28509.45,1211.15,24798.05,563,22060.5,4541.3,251.4,1151.05,2153,3872.25,294.95,358.4,535.95
2020-02-27,29028.8,28847.05,1210.35,24864,550.85,22010.9,4497.15,244.35,1137.9,2136.65,3876.75,295.5,353.7,531.65
2020-02-28,28413.2,27577.75,1187.55,24173.8,519.7,21091.95,4232.05,239.3,1055.75,2057.1,3702.1,288.05,342.2,523.5
2020-03-02,28649.9,27852.15,1160.9,24444.75,514.35,20790.45,4257.4,233.85,1029.1,2021.2,3677,287.4,340.65,518.35
2020-03-03,29618.2,28593.1,1181.3,24793.95,521.55,21017.05,4324.25,251.1,1091.05,2071.05,3862.55,300.6,347.3,520.8
2020-03-04,28997.25,28118.3,1176.65,25066.8,511.6,20590.75,4405.2,251.75,1080.8,2063.85,4024.45,305,345.95,516.75
2020-03-05,29513.9,27952.05,1182.45,25243.1,516.05,20754.25,4441.85,238.15,1072.65,2033.75,4029.95,303.8,349.15,526.9
2020-03-06,29548.05,27943.35,1158.9,25001.4,513.6,20133.75,4385.55,221.15,1020.2,1971.2,4006.25,295.75,341.4,519.15
2020-03-09,29185.2,26592.1,1101.95,24397.15,513,19185.1,4136.45,194.45,947.65,1812.4,3880.75,283.85,321.9,496.25
2020-03-11,29078,26513.55,1116.95,24498,516.95,19207.65,4098.15,209.5,921.05,1817.05,3803.65,284.45,320.2,493.8
2020-03-12,27278.35,24496.85,1016.55,23508.05,443.6,17500.6,3743.35,190.65,845.25,1637.65,3599.95,260.45,287.65,464.95
2020-03-13,28270.4,25702.05,1051.45,22832.9,410.85,18362.95,3794.9,182.8,907.2,1724.05,3694.85,265.95,292.75,491.85
2020-03-16,26571.75,24253,968.7,21890.1,376.8,17191.8,3513.4,166.35,810,1608.35,3591.9,248.75,261.4,464.8
2020-03-17,27228,24031.6,956.75,22112.8,350.85,16190.85,3432.15,133.1,795.5,1589.25,3553.1,250.1,267.15,454.7
2020-03-18,25578.85,23124.55,904.55,20662.2,321.85,14547.45,3372.55,164.1,772.4,1527.65,3417.2,224.7,260.4,425.55
2020-03-19,24132.2,21388.55,843.1,19943.3,296.75,13670.1,3287.7,141.2,727.8,1436.35,3359.05,225.5,258.35,444.75
2020-03-20,25215.55,23006.9,864.7,21488.35,300.15,14508.15,3583.1,144.9,787.25,1579.55,3655.3,238.5,256.4,462.65
2020-03-23,21837.4,20447.5,724.05,19405.9,254.6,11388.4,3270.65,122,693.95,1372.55,3468.15,229.4,207.8,407.35
2020-03-24,22596.7,20398.2,707.9,20361.55,262.05,11492.85,3414.85,119.15,698.4,1424.9,3570.55,224.85,231.75,404.05
2020-03-25,23485.05,21118.2,765.75,21604.95,292.8,12343.75,3515.45,125.5,721.85,1570.95,3646.1,229.95,255.6,429.1
2020-03-26,23901,21254.6,838,22404.65,312.55,13248.55,3579.45,128.75,717.85,1564.35,3673,238,248.2,470.7
2020-03-27,23045.75,21270.75,837.05,22482.8,322.2,12797.1,3595.45,128.05,715.7,1555.2,3662.4,243,251.3,448.95
2020-03-30,21544.3,20471.85,798.65,23014.55,308.45,11869.2,3535.15,125.65,679.95,1516.2,3758.7,237.4,251.65,431.05
2020-03-31,21359,21267.3,808.5,24059.95,326.5,11848.95,3666.2,123.95,716.3,1657.15,3895.9,243.3,251.3,440.9
2020-04-01,21279.5,20166.45,774.35,23104.7,305.75,11514.65,3425.8,120.9,703.1,1603.85,3852.3,235.6,244.8,421.35
2020-04-03,20653.35,19280.1,774.65,22383.6,298.1,11273.3,3346.6,124.35,683.8,1624.85,3971.95,235.75,244.8,423.95
2020-04-07,22087.2,20432.6,801.65,25070.85,323.65,11912.75,3607.1,140.9,745.15,1797.6,4492.8,239.55,248.1,470.2
2020-04-08,22313.95,19833,807.1,24808.7,320.2,11869.2,3551.95,143.15,737.85,1776.2,4632.45,243.55,250.85,461.65
2020-04-09,23951.8,20831.9,812.8,24864.1,319,12619.15,3613.4,149.85,776.3,1813.3,4655.6,251.55,251.9,488.7
2020-04-13,23437.4,21311.7,865.45,24481.85,324.95,11923.65,3570.95,137.1,788.2,1783.5,4801.8,248.6,262.85,512.2
2020-04-15,22994.5,22274.1,880.15,25510.4,350.55,11766,3578.15,133.75,797.1,1747.85,4849.15,249.45,268.9,510.5
2020-04-16,23049.7,23011.75,911.65,26082.85,363.2,11944.4,3505.15,135.55,810.2,1772.85,4924.8,258.5,267.6,500.45
2020-04-17,24930.45,23026.35,932.9,25461.3,363.3,12607.05,3587.05,140.15,827.65,1836.1,4984.65,263.25,268.15,502.45
2020-04-20,24166.25,23035.1,915.6,25032.6,354.75,12507.25,3647.9,140.65,796,1861.15,4903.55,264.4,270.5,490.3
2020-04-21,23053.6,22741.25,870.35,25038.3,345.95,11754.4,3517.55,129.25,750.1,1827.45,5081.65,259.95,265.2,500.5
2020-04-22,23567.6,23168.7,852.6,25927.5,353.65,12040.6,3570.6,151.85,754.65,1952.85,5118.35,259.8,271.9,501.4
2020-04-23,23943.5,22650.4,840.6,25615.75,348.9,12149.75,3739.85,157.55,760,1959.75,5091.25,253.2,277.6,496
2020-04-24,23383.5,22394.45,851.2,25664.95,335.85,11425.4,3625.85,145.15,739.4,1998.05,5087.65,252.55,270.65,494.25
2020-04-27,23902.35,22880.75,855.25,26472.25,349.35,11849.8,3678.05,149.75,753.7,2016.8,5078.9,251.95,271.15,494.05
2020-04-28,24199.25,22757.35,857.15,25990.25,360.5,12531.4,3690.95,152.45,753.95,2020.65,5022.3,247.55,272.95,485.65
2020-04-29,24279.75,23107.75,875.35,25753.3,360.6,12907.55,3783.3,159.4,782.05,2027.8,4954.6,248.25,287.65,496
2020-04-30,25316.65,23807.1,897.55,26196.2,420.05,13181.15,4010.7,159.35,847.2,2095.8,4990.35,257.1,290.1,514.3
2020-05-04,23518.9,22451.65,850.65,25374.75,385.4,12109.9,3810.9,146.4,775.3,2032.9,5016.3,250.5,266.35,532.5
2020-05-05,23478,22267.8,836.9,25121.75,387.05,11780.2,3811,148.4,769.35,2055.95,4887.1,256.25,263.1,528.05
2020-05-06,23672.15,22548.7,837.3,24958.2,379,12050.5,3782.5,152.65,775.35,2055.05,4898.65,260.1,270.15,546
2020-05-07,23649.8,22170.45,822.85,24654.25,368.4,11921.85,3768.8,147.35,775.05,2079.35,4879.4,252.2,282.4,528.05
2020-05-08,23362.4,22524.85,815.95,25456.55,364.6,11788.1,3806.2,150.65,765.05,2128.25,5044.9,246,285.05,530.05
2020-05-11,24357.9,22780.1,821.6,25221.7,368.1,11634.3,3860.65,155.4,778.55,2136.05,4911.9,245.45,289.7,536.2
2020-05-12,24340.75,22994.5,814.8,25115.65,374.55,11791.9,3884.85,155.05,789.15,2031.65,4807.45,254.95,291.5,559.85
2020-05-13,24691.6,23832.9,862.9,24176.8,389.65,12179.3,3907,165.15,803.3,2056.55,4802.15,259.7,309.35,555.95
2020-05-14,24574.15,23431.7,871.65,23899.45,391.85,11926.75,3779.65,169.65,778.75,1982.4,4757.7,250.15,308.4,539.85
2020-05-15,24522.8,23281.5,864.4,24164.75,378.9,11806.3,3750.8,164.2,789.55,2015.05,4754,250.65,309.25,554.1
2020-05-18,22715,21956.3,813.35,23838.3,375.8,11055.75,3806.5,149.5,759.4,1960.25,4720.3,243.4,293.3,538.05
2020-05-19,22819,22290.75,796.35,23731.35,339.65,11176.75,3832.5,150.25,772.2,1933.25,4736.25,249.1,319.2,598.8
2020-05-20,23636.9,23477,835,23946.6,356.55,11567.9,3854.05,153.55,786.85,1980.95,4986.6,251.35,323.75,594.05
2020-05-21,24389.95,23349.6,820.5,23990.4,366.8,11296.85,3907.4,153.95,797.8,1993.85,4930.55,249.15,317.15,594.55
2020-05-22,24270.2,24081.55,815.7,24024.05,371.15,10843.25,3961.75,163.25,779.75,1985.6,5001.6,246.8,310.6,593.2
2020-05-26,25242,24985.95,825.55,24511.1,367.05,10567.6,3856.8,165.2,800.95,1979.5,4951.15,250.35,315.6,559.25
2020-05-27,25484.6,24771.6,850.85,24632.35,387.8,11119.5,3966.7,164.45,824.75,2019.1,4966.95,251.85,326.65,563.1
2020-05-28,27130.35,25194.6,905.5,25056.05,391.1,11294.9,3983.4,180.7,841.9,2044.35,4975.2,252.95,331.8,562.75
2020-05-29,27753.95,25351.35,932.25,25747.45,405.85,11464.95,3956.85,183.55,851.75,2065.95,5193.65,255.4,323.8,552.6
2020-06-01,28414.6,25468.55,928.15,25579.55,419.3,12214.15,4063.15,185.9,890.5,2128.7,5061.45,256.75,329.35,559.05
2020-06-02,28760.05,25631.6,945.45,25455.55,424.7,13051.8,4078.8,198.95,893,2143.95,5006,261.8,339.95,558.1
2020-06-03,28834.3,26083.8,961.3,25935.95,419.1,13316.05,4075.1,195.7,891.85,2160.35,5079.75,259.25,339.55,551.65
2020-06-04,28686.6,25805.65,930.7,25572.7,422.05,12881.55,4176.6,205.6,899.25,2205.1,5154.3,264.4,339.2,572.45
2020-06-05,28953.45,26586.3,955.25,25480.65,439.4,13137.15,4126.35,206.2,935.4,2225.5,5170.05,269.4,341.15,584.35
2020-06-08,28401.3,25576.25,961.35,25231.6,436.8,13490.1,4187.3,197.05,926.7,2252.4,5091.7,270.9,343.3,585.15
2020-06-09,28457.8,25413.05,953.3,24912.4,430.6,13234.9,4167.05,192.4,913.75,2200.4,5264.6,268.55,346.05,567.8
2020-06-10,28358.55,25920.5,946.55,24843.55,425,13259.8,4210.8,189.8,908.7,2227.4,5254.6,268.2,346.55,567.1
2020-06-11,27478.15,25546.7,930.45,24841.6,417.45,13006.65,4134.4,175.95,880.95,2178.55,5166.25,269.05,338.65,551.85
2020-06-12,28216.8,26783.15,926.4,24778.55,411.65,13250.65,4064.9,168.55,890.55,2231.25,5131.65,263.2,345.3,560.1
2020-06-15,27643.05,26443.95,899.9,24595.6,405,12790.35,4059,165.5,870.25,2245.5,5141.75,256.45,339.75,550.7
2020-06-16,27927.15,26480.35,895.05,24528.55,414.25,12961.6,4073.6,163.9,884.1,2243.7,5126.65,255.5,340.8,544.9
2020-06-17,28168.8,26028.45,884.8,24417.45,420.8,12846.3,4080.65,165,879.6,2244.75,5111.2,251,341.3,563.45
2020-06-18,28476.7,26308.45,896.65,24408.95,427.9,13569,4085,174.4,906.9,2291.65,5133.3,258.15,343.8,560.9
2020-06-19,28879.45,26116.55,898.2,24408.55,436.9,14218.35,4080.65,172.95,908.4,2410.5,5129.9,264.4,348.9,572.5
2020-06-22,29354.7,26460.45,907.45,24479.45,446.2,14702.65,4067.8,177.05,927.45,2402.5,5182,273.9,349.6,581.05
2020-06-23,29679.45,27321.4,967.6,25040.45,463.1,15148.1,4115.6,181.95,945.85,2387.15,5269.1,288.2,355.65,578.8
2020-06-24,30123.4,27001.5,955.55,25211.95,444.95,14593.7,4095.1,174.1,922.35,2378,5158.25,275.55,351.85,557.35
2020-06-25,29844.2,26478.6,943.1,25279.25,442.9,14647.85,4039,172.35,914.9,2357.9,5129.15,275.45,344,559
2020-06-26,30239.15,27000.6,962.2,25136.25,440.25,14466.8,4215.75,176.25,919.6,2413.75,5113.45,276.2,343.2,560.4
2020-06-29,29762.65,26768.2,936.6,25273.7,431.9,14328.15,4148.35,172.05,900.2,2379.6,5100.75,273.15,342.65,567.1
2020-06-30,30154.55,27564.3,943.65,25790.2,425.2,14268.45,4138,171.1,901.5,2346.95,5058.15,270.65,343.9,559.85
2020-07-01,30194.25,27176.45,924.3,25354.3,446.95,14874.3,4140.65,175.4,904.25,2386.8,5006.7,267.05,343.8,560.15
2020-07-02,30484.05,27295.75,941.3,25354.9,442.45,14950.2,4268,174.4,917.1,2417.55,5039.75,268.5,346.8,558.45
2020-07-03,31220.2,27390.4,944.25,25314.35,444.2,14855.2,4333.5,172.25,908.95,2448.45,5037.1,272.1,360.4,581.45
2020-07-06,31722.15,27683.2,951.2,25510.9,456.6,15213.2,4410.1,175.05,933.1,2517.4,5006.8,273.2,359.45,576.6
2020-07-07,32422.9,27309.75,943.6,25701.25,450.95,15840,4467.85,180.3,913.9,2474.25,4939.3,265.65,345.95,567.15
2020-07-08,31664.35,26834.95,941.25,25546.8,444,15520.2,4375.05,172.15,927.8,2447.1,5003.6,260.75,340.6,561.3
2020-07-09,31726.3,27263.7,944.95,25512.85,442.55,15913.9,4373.2,171.9,949.15,2473.25,5017.6,262.75,343.15,568.65
2020-07-10,31641.9,26705.35,932.15,25643.25,436.5,15673.2,4377.55,170.1,937.25,2521.5,5038.25,263,334.95,574.7
2020-07-13,31897.4,26710.85,928.15,25888.45,439.2,15483.4,4447.3,173.75,952.65,2582.35,5037.6,259,332.2,586.8
2020-07-14,30783.6,26453.35,912.9,25723.9,437.5,15043.25,4369.85,166.3,931.65,2553.55,5107.55,251,320.4,589.35
2020-07-15,30607.3,26252.8,912.2,25745.45,437.55,14910.55,4558.1,160.25,936.7,2472.45,5169.75,251.6,315.15,563.6
2020-07-16,30845.85,26130.4,921.15,26486.65,433.45,15126.2,4634.8,157.4,943.9,2494.45,5326.35,248.95,311.2,562.75
2020-07-17,31184.55,26724.9,925.55,26259.3,436.45,15390.55,4588.1,157.4,959.6,2623.6,5311.45,251.6,313,566.75
2020-07-20,31616.9,26734.35,919.6,26506.6,453.65,15836.3,4684.45,154.75,961.2,2626,5250.25,250.65,317.3,575.75
2020-07-21,32817.7,26907.15,938.05,26405.65,458.4,15600.9,4706.2,153.75,973,2715.45,5173.1,262,314.7,567.75
2020-07-22,32344.5,26443.9,920.9,26155.4,460.25,15515.75,4642.95,157,963.15,2731.15,5197.6,270,312,569.15
2020-07-23,33461.1,26004.3,916.55,26294.05,462.75,15624.65,4631.05,158.95,970.65,2794.6,5277.45,272.3,313.9,567.2
2020-07-24,33229.7,25697.95,904.4,26248.85,454.15,15374.15,4683.35,151.7,950.95,2867.9,5217.6,271.4,309.4,559.45
2020-07-27,33041.2,25544.75,903.8,26365.75,445.8,15081.05,4789.75,145.4,957.8,2885.95,5144.1,268.55,309.05,559.5
2020-07-28,34023.45,26648.35,913.5,26120.45,448.95,15456,4944.85,144.4,979.4,2910.1,5196.55,270.45,318.6,564.6
2020-07-29,34176,26540.9,921.95,25601.15,461.75,15477.85,4878,142.35,996.55,2821.35,5476.45,269.9,315.15,566.2
2020-07-30,33921.65,26153.6,908.25,25504.1,464.6,15119.4,4895.25,140.2,982.45,2790.8,5712.5,263.45,312.5,552.7
2020-07-31,33294,26461.5,913.45,25508.6,478.15,15131.35,4915.2,138.75,992.7,2744.3,5772.9,265.3,315.2,554.85
2020-08-03,33206.3,26426.3,915.9,25480.95,452.15,14783.9,4872.15,134.95,999.1,2683,5757.25,264.15,311.35,547.35
2020-08-04,33764.7,26222.7,924.25,25578.2,461.7,15008.65,4825.9,143.35,1010.5,2815.35,5877.65,263.85,314.95,549
2020-08-05,34919.4,26778.4,925.75,25562.4,453.6,15114,4819.35,145.55,1057.1,2793.75,5851.95,261.85,327.1,558.95
2020-08-06,34659.75,26385.4,922.15,25798.3,463.9,15283.05,4923.85,148.75,1069.55,2804.55,5846.4,262.05,323.8,555.3
2020-08-07,34913.8,26550.9,915.65,26027.3,480.3,15586.4,4876.4,150.1,1074.4,2828.15,5828.1,261.75,326.65,560.8
2020-08-10,34410.7,26998.8,960.05,25904.05,494.3,15553.35,4885.45,151.2,1088.45,2798.2,6030.35,265.45,331.3,558.85
2020-08-11,34564,26144.6,961.9,25771.85,481.9,15688.15,4866.6,159.75,1104.85,2825.85,5914.95,265.1,335,551.1
2020-08-12,35404.25,26004.7,949.75,25603.5,487.15,15530.35,4897.65,161.25,1099.2,2811.4,5812.4,266.75,341.2,547.7
2020-08-13,34994.8,25916.15,990.7,25582.75,489.15,15506.6,4904.3,162.3,1108.65,2806.05,5783.3,266,347.65,535.35
2020-08-14,33262.75,26097.3,982.8,25433.05,485.65,15212.35,4877.25,161.2,1123.3,2784.9,5822.55,263.8,348.1,528.6
2020-08-17,34693.05,26173.7,1000.8,25646.9,492.35,15319.35,4932.75,170.1,1151.15,2763.75,5819.15,273.95,357.45,521.4
2020-08-18,35075,26750.35,1004.55,25901.45,500.15,15541.55,4947.5,173.95,1171.1,2785.45,5811.25,272.8,357.45,526.3
2020-08-19,34993.55,26946,1009.1,25647.3,499.4,15497,4932.2,196.8,1171.2,2804.25,5773,272,356.65,535.85
2020-08-20,35072.8,26890.05,995.75,25462.15,491.9,15376.6,4918.7,199.45,1181.7,2782.2,5761,282.3,353.6,525.55
2020-08-21,35492.7,27182.9,994.15,25939.65,493.4,15424.35,4909.25,192.05,1177.2,2763.6,5782.85,295.05,354.35,520.25
2020-08-24,16036.5,27071.9,991.35,25867.05,497.4,15783.4,4896.4,201.6,1177.15,2776.7,5757.75,290.65,349,526.9
2020-08-25,16042.8,26656.85,980.4,25696.65,492.1,16077.5,4890.9,199.95,1170.7,2763.5,5700.55,288.55,346.1,528.65
2020-08-26,16251.7,26457.5,968.95,25502.65,493.55,16211.3,4922,211.5,1175.6,2816.55,5707.9,288.15,354.25,514.5
2020-08-27,16300.1,26260.2,975.6,25415.95,496.75,16246.2,4913.55,209.55,1179.45,2790.1,5725.45,287.8,350.55,511.15
2020-08-28,16165.35,26093.25,981.85,25334.8,519.25,16490.6,4904.65,213.85,1166.6,2798.45,5678.65,283.85,360.05,523.45
2020-08-31,15655.1,24861.7,944.95,24983.65,505.95,15761.5,4892.55,203.55,1131.05,2751.9,5498.5,275.35,355.75,513.1
2020-09-01,15742.1,25063.8,955.2,25419.1,505.05,16134.8,4849.55,201.8,1174.95,2754.9,5609.95,280.2,348.8,546.25
2020-09-02,15707.75,25183.75,955.55,25190,500.85,16152.15,4900,218.15,1195.25,2805.05,5605.5,280.15,359.9,550.55
2020-09-03,15938.05,25102.75,961.15,25634.65,521.85,16014.3,4984.2,220.25,1187.7,2787.75,5695.2,276.2,366,538
2020-09-04,15949.15,24647.9,942.5,25365.4,508.45,15793.55,4932.95,220.4,1150.35,2740.45,5559.55,269.75,353,523.15
2020-09-07,15920.25,24331.75,932.15,25629.05,494.45,15687.85,4986.75,223.95,1156.35,2738.85,5649.85,268.55,352.05,515.45
2020-09-08,15901.35,23856.7,916.7,25311.4,487,15599.2,5048.2,213.75,1122,2770.95,5558.9,265.55,345.6,498.1
2020-09-09,15960.35,23924.2,909.5,25507,494.55,15231.35,5013.55,221.55,1141.95,2811.6,5666.3,265.65,343.85,504.25
2020-09-10,16029.45,24272.15,920.95,25670.55,491,15451.6,5028.15,223.15,1127.1,2992.3,5614.9,268.15,341.6,497.35
2020-09-11,16021.05,24127.55,917.4,25644.5,499,15480.7,5099.9,218.1,1130.95,2995.65,5633.1,265.25,342.5,491.65
2020-09-14,16038.3,24410.6,902.1,25328.85,515.9,15265.6,5362.7,216.2,1124.9,2968,5581.5,262.35,351.65,474.1
2020-09-15,15929.75,24717.1,909.95,25273.4,529.7,15436.8,5365.05,217.45,1127.25,2981.4,5691.2,264.4,352.65,485.55
2020-09-16,16106.75,25083.15,921.8,25560.25,528.5,15495.2,5398.15,215.85,1135.2,2985.2,5899,261.6,353.55,481.75
2020-09-17,16095.95,24582.05,906.3,25434.15,530.55,15236.7,5378.9,221.1,1120,2960.05,6090.75,256.95,346.1,479
2020-09-18,16083.35,24268.55,900.7,25354.35,537.3,15040.35,5383.8,220.3,1117.3,2964.85,6662.95,262.45,357.85,494.55
2020-09-21,15531.85,23499.45,881.85,24366.05,532.2,14608.15,5376.95,210.7,1062.45,2894.35,6413.75,258.8,347.85,467.75
2020-09-22,15239.8,23594.7,856.5,24030.2,529.15,14462.7,5464.15,197.1,1056.2,2833.1,6454.45,256.5,332.3,470.95
2020-09-23,15265.05,23539.4,860.6,24279.75,532.4,14363.7,5409.2,191.8,1046,2847.75,6378.05,249,324.6,433.8
2020-09-24,14880.2,22799.45,850.7,24113.55,505.15,13772.7,5152.5,190.35,1009,2780.1,6246.65,242,313.75,419.3
2020-09-25,15294.15,23575.1,889.25,24707.95,504.65,14352.05,5347.7,198.2,1036.65,2805.65,6371.95,245.55,326.15,439.65
2020-09-28,15687.3,24189.35,902.85,24778.1,509.8,14880.05,5362.9,208.75,1064.8,2837.1,6414.75,255.65,339.55,443.65
2020-09-29,15758.6,24618.2,895.45,24687.55,493.1,14715.55,5389.8,207.8,1088.15,2863.1,6352.7,248.45,341,435.6
2020-09-30,15715.85,25050.7,901.6,25144.5,502.9,14710,5417.45,208.9,1065.65,2817.35,6462.95,247.55,341.75,420.95
2020-10-01,15874.45,25463.3,902.8,25314.05,505.65,15294.45,5489.6,214,1075.8,2810.2,6391.95,249.5,353.3,432.35
2020-10-05,15851.4,24929.1,896.95,25366.25,507.1,15085.65,5753.9,208.2,1107.65,2798.1,6461.25,247.3,350.35,424.45
2020-10-06,15970.75,25190.75,892.6,25218.45,509.55,15531.1,5776.65,216.9,1100.35,2794.85,6437.9,247.35,362.9,426.75
2020-10-07,16368.55,25685.5,887.9,25568.2,510.85,15317.65,5812.2,205.95,1073.2,2832.15,6390.3,242.4,360.65,422.45
2020-10-08,16417.45,25851.9,881.05,25770.05,509.4,15308.15,5988.7,205.9,1072.05,2807.4,6529.95,240.9,359.75,424.45
2020-10-09,16439.2,26241.95,908.45,25392.5,497.3,15435.05,6003.65,200.55,1068.25,2810.95,6469.05,240.9,357.2,425.2
2020-10-12,16395.75,26007.1,905.75,25278.9,507.1,15417.1,6062.3,189.85,1038.55,2807.35,6548.05,242.55,357.65,415.05
2020-10-13,16336.95,26220.2,896.45,25020.5,506.5,15288.55,6128.9,182.45,1045.05,2848.15,6459.05,243.1,349.9,415.3
2020-10-14,16375.75,26342.35,915.2,25083.6,510.9,15717.6,6036.35,186.2,1049.4,2844.7,6406.7,236.15,348.95,413.25
2020-10-15,16227.15,25775.65,888.8,24955.4,506.55,15184.25,5862.85,179.95,1044.65,2756.05,6314.85,234.75,342.8,399.2
2020-10-16,16290.4,26432.25,894.1,24778.05,466.95,15354,5880.35,175.7,1090.95,2741.2,6349.8,239.25,349.95,401.65
2020-10-19,16004.5,26390,902.9,25510.55,463.45,15601.2,5849.55,174.2,1103.15,2756.4,6305.8,241.4,347.55,397.7
2020-10-20,16012.75,26506.35,917.3,25498.25,455.95,15558.9,5952.75,183,1104.8,2727.4,6321.8,237.85,348.95,405
2020-10-21,15970.65,26568.35,924.45,25117.9,454.2,15579.35,5884.15,180.55,1129.25,2705.6,6304.05,246.05,355.35,419
2020-10-22,15796.55,26397.9,936.3,25045.05,454.5,15592,5848.35,183.5,1139.85,2691.5,6265.05,249.75,358.35,430.65
2020-10-23,16240.6,25810.9,941.25,25011.75,450.95,15562.1,5852.4,185.85,1149.4,2699.15,6260.3,256.4,364.35,434.4
2020-10-26,15686.85,25690.1,951.75,25376,433.4,15407.15,5807.5,176.7,1107.5,2607,6199.75,258,363.7,434.05
2020-10-27,15868.75,27080.4,981.95,26575.6,438.55,15709.3,5730.95,187.65,1110.85,2612.3,6340.1,262.95,364.4,433.35
2020-10-28,15950.25,26607.75,982.85,26367.25,450.75,15427.05,5668.3,181.4,1086.7,2584.4,6179.65,260.95,353.65,451.85
2020-10-29,15797.75,27024,934.5,26092.85,450.25,15367.55,5689.25,179.1,1082.4,2594.95,6160.6,258.1,342.7,450.8
2020-10-30,15464.1,27046.95,929.5,26248.65,453.25,15197.05,5721.4,187.9,1100.15,2638.15,6108.9,258.6,359.85,433.75
2020-11-02,15306.25,27010,929.3,26115.35,445.35,15722.5,5648.75,183.45,1093.35,2451.7,6079.3,262.25,356.9,457.4
2020-11-03,15590.5,27216.8,947.75,25876.55,417.05,16036.25,5653.95,182.05,1112.75,2429.5,6122.25,265.9,353.65,454.6
2020-11-04,15678.25,27225.05,939.85,26082.75,401.35,16196.85,5732.05,181.85,1105.05,2489.8,6221.4,262.2,361.1,453.05
2020-11-05,15846,27661.7,958.1,26478.05,418.4,16748.25,5818.7,190.5,1154.65,2556.15,6264.5,265.85,368.65,457.3
2020-11-06,15722.1,27403.4,960.75,26250.85,422.4,17173.75,5867.2,193.1,1157.65,2625.65,6202.05,265.75,371.1,449.9
2020-11-09,15778.55,28022.1,965.85,26695.9,426.75,17391.85,5942.85,191.65,1186.65,2662.4,6153,273.5,367.05,471.8
2020-11-10,15743,28271.85,1033.7,25933.2,432.8,18449.25,5713.95,193.1,1193.6,2712.55,5906.2,277.4,366.75,466.4
2020-11-11,16051.45,28494.45,1059.45,25963.2,435.7,18853.05,5820.6,195.3,1248.5,2641.5,6130.55,282.55,371.6,478.6
2020-11-12,16074.75,29114.65,1073.2,26063.9,429.6,18855.45,5802.3,198.45,1245.3,2624.55,6075.8,280.3,368.05,479.85
2020-11-13,16269.7,29176.6,1051.5,26180.95,425.35,19159.9,5792.15,192.65,1273.7,2640.1,6110,280.3,365.5,475.75
2020-11-14,16330.6,29110.05,1059.2,26213.2,429.25,19262,5819.9,193.1,1278.6,2667.95,6131.8,278.9,366.1,481.5
2020-11-17,16394.85,29741.7,1080.9,26347.2,429.65,19547,5798.7,189.55,1313.25,2637.7,6045.1,275.5,379.65,484.55
2020-11-18,16568.6,29845.7,1148.15,26164.95,426.3,20262.15,5732.9,190.5,1316.3,2621.4,5959.75,273.7,391.1,478.4
2020-11-19,16409.15,29276.4,1134.25,26218.3,416.5,20033.25,5703.7,186.35,1302.8,2607.35,5957.15,279.6,381.9,468.55
2020-11-20,16498.4,29667.25,1132.3,26856.15,420.4,21028.1,5766.7,185.5,1317.1,2536.75,5914.1,283.65,375.85,483.7
2020-11-23,16598.75,30209.4,1125.85,27197.9,426.45,21281.35,5924.9,187.2,1334.7,2609,6087.9,288.4,375.15,477.25
2020-11-24,16922.95,29970,1135.5,27127.8,427.45,21446.55,5935.75,188.3,1354.2,2616.35,6184.1,288.65,392.25,474.25
2020-11-25,16602.2,29361.75,1116,26866.95,418.6,21034.7,5853.9,188.4,1340.95,2598.7,6044.15,289.25,398.95,464.1
2020-11-26,16599.45,30092.7,1118.85,27122.4,420.55,21365.95,5887.75,189.75,1401.35,2599.15,6151.75,291.75,410.15,468.4
2020-11-27,16755.2,29984.1,1122.4,27435.25,417.7,21448.65,5829.1,192.75,1400.2,2568.55,6086.2,287.1,411.55,463.25
2020-12-01,16902.6,30726.7,1115.95,26946.1,433.05,21456.05,5958.9,195.65,1421.2,2612.3,6125.35,286.1,423.8,479.45
2020-12-02,17140.55,30484.3,1113.75,26903.55,441.95,21356.4,6001.2,197.75,1458.5,2632.6,6153.25,288.95,438.2,484.9
2020-12-03,17653.55,30708.7,1125.15,27281.95,454.75,21670.75,5973.55,204.5,1493.6,2654.8,6233.45,292,435.8,479.9
2020-12-04,17783.2,30935.75,1149.5,27735.2,455.7,21699.25,6004.6,206.85,1508.05,2639.1,6244.55,292.9,453.7,493.75
2020-12-07,17734,30948.35,1169.7,27548.65,475.95,21712.45,6039.25,215.8,1499.65,2658.85,6384.55,293.25,471.5,508.95
2020-12-08,17740.85,30919.3,1171.4,27494.05,472.8,21599.05,6110.45,212.75,1492.3,2687.75,6349.9,289.8,463.35,503.6
2020-12-09,17691.45,30485.75,1181,27642.3,492.6,21796.8,6145.55,215.55,1490.45,2729.75,6388.85,291,463.9,503.05
2020-12-10,17627.55,29631.9,1190.35,28605.85,438.45,21721.3,6102,212.5,1494.05,2710.45,6381.05,289.9,471,505.15
2020-12-11,17623.7,29722.25,1194.3,28688.25,435,21762.9,6081.95,212.7,1509.75,2719.7,6340.9,295.5,466.3,504.4
2020-12-14,17389.25,29707.4,1249.65,28967,442.15,21783.45,6094,215.4,1520.6,2719.9,6388.35,298.9,467,503.05
2020-12-15,17521.3,30328.5,1246.25,28485.25,448.8,22434.8,6081.9,232,1534.65,2694.1,6384.65,298.65,475.75,504.2
2020-12-16,17601.95,30286.9,1268.25,28720.9,459.65,22501.95,6144.9,231.9,1558.95,2699.8,6402.35,301.1,475.55,516.2
2020-12-17,17456.05,30594.9,1278.8,28640.45,455.4,22801.95,6163.75,225.9,1537.3,2701.8,6427.4,297.75,467.75,515.1
2020-12-18,17437.7,30636.55,1281.55,28752.05,460.3,22611.5,6238.8,225.25,1534.45,2703.4,6597.2,297.65,463.3,510.65
2020-12-21,16855.35,29602.7,1234.85,28351.85,437.3,21771.3,6128.7,212.65,1448.25,2598.7,6399.6,283,444.25,490.9
2020-12-22,17016.5,29823.2,1262.7,28797.95,444.65,21818.15,6315.65,214.55,1469.8,2606.2,6525.1,289.2,468.65,500.3
2020-12-23,17127.05,29830.35,1264.8,29069.55,451.95,22016,6418.1,217.1,1509.95,2615.45,6623.35,288.5,470.75,507.2
2020-12-24,17217.5,29768.65,1262.2,28939.6,449.4,22233.7,6394.2,217.3,1524.6,2675.25,6625.45,289.95,478.55,517.3
2020-12-28,17328.95,29764.35,1289.4,29026.75,453.4,22357.25,6421.5,220.15,1560.25,2694.2,6618.9,292,483.55,521.6
2020-12-29,17308.95,29895.9,1284.85,28688.7,454.7,22471.8,6467.35,218.15,1544.8,2679.65,6584.15,288.3,483.4,520.25
2020-12-30,17584.65,30889.1,1292.05,28867.9,467.1,22594.15,6464.45,219.15,1561.6,2685.6,6578.75,289.3,485.4,516.15
2020-12-31,17639,30229.2,1287.6,28902.65,466.35,22517.5,6424.15,223.5,1568.25,2673.65,6617.4,289.2,483.75,509.7
2021-01-01,17736.85,30174.5,1297,28954.05,469.3,22469.3,6505.25,224.95,1566.9,2677.8,6664.2,288.55,503.85,515.15
2021-01-04,17864.7,30325.85,1314.6,28875.35,473.15,22410.3,6706.45,219.05,1657.9,2705,6708.9,287.5,498.9,517.1
2021-01-05,17823.5,30198,1306.3,29136.15,471.25,22383.25,6788.3,222.5,1630.25,2675.35,6717.6,285.6,499.45,514
2021-01-06,17751.7,31257.3,1314,29055.6,472.4,22254.8,6715.35,221.2,1659.95,2626.6,6718.4,294,496.8,525.3
2021-01-07,17650.2,31393.95,1338.95,28586.35,482.5,22550.95,6659,218.95,1723.1,2629.2,6699.35,294.05,513.85,545.25
2021-01-08,18434.65,32409.45,1373.4,28867.5,503.65,22754,6908.95,231.15,1705.95,2663.4,6797.75,303.7,517,540.25
2021-01-11,18834.7,32197.3,1350,29049.1,497.45,22534.4,7132.15,223.65,1680.25,2633.25,6894.65,302.55,508.35,547.15
2021-01-12,18959.85,32018.4,1349.8,28460.75,501.5,22577.05,7130.6,226.15,1686.55,2702.4,6806.65,303.85,511.25,565.75
2021-01-13,18937.15,31410.5,1352.5,28433.55,491.7,22214.05,7130.7,227.9,1701.05,2698.15,6734,307.55,536.65,578.25
2021-01-14,18953.7,31458.2,1376.6,28564.6,509.4,22176.4,7155.85,229.35,1687.2,2739.55,6756.85,307.3,536.95,580.55
2021-01-15,18745.3,30899.1,1354.15,28080.2,522.55,21970.6,7013.95,224.9,1672.3,2693.25,6640.8,303.45,527.95,602.65
2021-01-18,18485.5,30232.1,1336.05,27882.65,561.3,21388.4,6945.1,218,1600.35,2726.35,6435.3,293.3,515.5,586.95
2021-01-19,18746.7,30896.5,1369.85,28102.9,564,22384.8,6983.95,225.05,1642.15,2766.15,6507.9,299.3,532.8,592.3
2021-01-20,19045.45,30561.75,1382.65,28075.75,576.35,22460.95,7111.9,228.6,1658.35,2803.7,6508.15,294.45,558.6,596.15
2021-01-21,19052.8,30279.55,1371.3,28162.1,584.55,22615.95,7057.35,225.05,1615.3,2832.85,6447.85,291.25,547.65,581.35
2021-01-22,19573.6,30233.1,1362.1,27905.5,566.95,22259.85,7055.35,219.3,1560.35,2768.15,6420.4,288.25,535.8,576.85
2021-01-25,19568.65,29693.8,1361.3,27650,588.15,22242.8,6973.2,223.7,1571.75,2646.05,6505.6,283.4,523.65,580.75
2021-01-27,19203.15,29286.6,1359.85,27628.1,574.25,21862.65,6961.1,221.1,1525.75,2584.4,6321.6,283.65,518.85,570.8
2021-01-28,18951.95,29617.4,1345.35,27390.2,565.45,21569.5,6820.2,220.15,1520,2572.7,6278.05,278.9,519.1,570.9
2021-01-29,18225.1,29156.25,1334.7,26855.9,560.65,21266.65,6643.7,220,1481.3,2532.4,6014.8,273.4,509.7,553.6
2021-02-01,18772.75,31413.4,1448.85,27022.35,534.1,23232.35,6691.85,227.2,1558.45,2602.35,5824.7,280.9,542.75,579.15
2021-02-02,19193.7,33746.1,1520.2,27089.3,566.3,23370.65,6814.9,242.9,1590.5,2655.15,5913.55,288.35,550.8,599.35
2021-02-03,19287.45,33259.95,1528.55,27111.3,558.25,23652.35,6859.55,244.2,1614.45,2671.2,6128,303.45,560.1,608.85
2021-02-04,19460.3,34462.3,1529.8,27044.95,548.05,24162.1,6824.55,249.45,1638.1,2674.8,6133.9,304.4,568.4,600.6
2021-02-05,19268.15,34261.05,1516.5,27047.5,536.5,24314.5,6761.15,215.3,1664.6,2667,6283.35,306.6,566.95,581.1
2021-02-08,19541.8,35601.15,1551.8,27120.2,538.3,24612.4,6893.25,219.75,1719.1,2706.65,6341.7,312.85,582.05,597.3
2021-02-09,19449.1,35804.15,1566.45,27293.35,538.6,24446.45,6848.5,215.75,1704.7,2705.25,6309.45,310.7,581.95,598.95
2021-02-10,19456.55,35917.3,1552.85,27139,534.4,24786.75,6883.15,217.25,1704.8,2720.45,6314.55,310.3,576.85,590.2
2021-02-11,19448.1,36006.8,1530.5,27394.65,543.55,24860.45,6891.65,215.1,1723.55,2810.05,6328.5,311.05,591.85,598.1
2021-02-12,19235.5,35605.2,1521.35,27154.85,535.8,24999.3,6894.2,212.5,1691.3,2784.7,6267.7,308.6,616.6,586.25
2021-02-15,19199.6,36288.95,1537.65,27272.15,537.45,25713.05,6823.05,211.7,1683.55,2778,6181.65,307.65,627.75,593.7
2021-02-16,19259.8,36298.95,1549.45,26943.15,538.95,25619.8,6775.85,206.1,1733.55,2809.9,6176.1,323.55,636.55,593.95
2021-02-17,19193.5,35926.15,1548.35,26335.4,539,25152.15,6708.25,214.95,1737.45,2826.6,6057.5,329.4,655.75,593.85
2021-02-18,19004.35,35178.85,1524.6,25993.6,541.05,24890.1,6741.45,211.75,1750.5,2852.7,6058.45,339.9,664.05,589.05
2021-02-19,18489.55,34968.95,1508.8,25946.65,552.8,24806.7,6737.2,208.55,1704.4,2858.35,6096.1,336.4,653.5,581.35
2021-02-22,18096.1,34496.45,1452.2,25604.45,539.75,24268.7,6513.2,201.8,1747.25,2775.4,5857,327,673.8,570.3
2021-02-23,17967.85,34760.3,1486.3,25689.9,566.4,24199.2,6517.75,201.95,1820.4,2815.9,5890.15,329.5,662,565.55
2021-02-24,18033.45,35217.75,1526.6,25952.6,553.95,24854.65,6521.55,205.6,1817.55,2857.7,5826.05,325.95,665.2,572.95
2021-02-25,18053.65,35104.65,1506.45,25699.55,593,24896.65,6578.2,208.6,1879.6,2976.65,5898.85,335.55,704.3,579.15
2021-02-26,17516.8,33817.5,1442.5,25485.35,561.55,23543.3,6386.2,201,1810.35,2886.5,5808.2,321.6,675.9,556.3
2021-03-01,17883.15,35337.95,1472.85,25869,590.6,23850.95,6471.95,216.85,1847.55,2919.2,5847.65,335.7,692.9,532.2
2021-03-02,18442.65,35376.6,1485.65,26273.5,589.45,23979.45,6662.1,220.15,1862.2,2935.5,5830.7,337.6,720.5,541.2
2021-03-03,18249.75,35513.85,1496.9,26460.55,613.6,24970.6,6779.4,222,1938.85,3032,5939.4,340.2,729.85,546.3
2021-03-04,18208.15,36802.55,1462.6,26457.9,615.45,24493.7,6744.9,225.75,1886.8,2998.35,6000.75,335.95,752.45,539.6
2021-03-05,18316.85,35998.25,1463.55,26545.6,591.55,24163.15,6646.8,218.05,1847.9,3004.05,5908.85,328.95,748.95,532.8
2021-03-08,18277.7,35197.45,1515.2,26537.65,629.95,23864.55,6690,224.8,1859.65,3033.8,5916.3,330.7,748.4,525.7
2021-03-09,18309.05,35376.9,1508.3,26623.45,624.9,24285.9,6777,220.35,1817.8,3003.3,5857.9,325.5,750.75,521.75
2021-03-10,18416.55,35704.9,1524.2,26749.35,621.3,24469.9,6863.05,221.65,1856.05,2988.4,5938.8,324.8,745.35,525.85
2021-03-12,18004,35719.15,1514,26450.5,620.3,24314.25,6840.5,218.8,1840.8,2958.35,5846.05,329.15,728.15,524.2
2021-03-15,17850.5,35590.1,1483.75,26546.95,621.35,23881.35,6885.1,213.25,1873,2928.4,5753.25,334.65,719.05,522.85
2021-03-16,17883.65,35455.25,1461.8,26652.5,620.25,23740.95,6957.15,210.85,1856.1,2913.2,5844.3,334,717.35,529.3
2021-03-17,17614.55,34729.55,1437.65,26256.05,609.2,23458.65,6927.1,203.35,1817.95,2833.35,5712.75,327,688.25,522.9
2021-03-18,17702.7,34493.35,1428.1,25946.5,601.3,23305.25,6727.7,207.1,1818.7,2778.55,5542.45,324.85,679.65,527.2
2021-03-19,17703.5,35019.95,1411.25,26329.15,625.45,23453.15,6755.05,215.85,1867.15,2862.7,5613.4,338.7,686.25,529.95
2021-03-22,17694.8,35096.4,1400.05,26617.65,628.15,23243.65,6907.2,214.3,1887.8,2847.3,5717.8,333.4,721.9,528
2021-03-23,17786.85,36662.55,1404.35,26714.9,633.35,23286.4,6924.35,212.65,1873.65,2862.3,5736.2,327.65,738.55,529.25
2021-03-24,17470.1,36049.6,1369.15,26452.1,608.85,22791.8,6853.65,205.2,1813.6,2807.6,5728.75,327.05,706.85,523.65
2021-03-25,16887.8,35619.6,1371.1,25915.65,595.65,22455.9,6724.05,196.1,1825.75,2731.3,5743.55,319.4,688.25,507.75
2021-03-26,16978.6,36257.05,1398.3,26616.15,585.4,23032.3,6756.45,199.95,1895.65,2743.95,5780.65,318.8,703.05,522.5
2021-03-30,17214.35,37302.65,1423.55,27524.55,627.95,23245.15,6974.65,200.95,1956.8,2787.5,5928.1,329.05,710.55,521.5
2021-03-31,17144.4,37653.9,1418.9,27535.7,641.85,23161.5,6934.15,203.2,1966.25,2760.55,5928.9,322.2,702.4,517.3
2021-04-01,17369.55,38305.3,1444.6,27431.9,653.6,23555.75,6961.35,209.25,2085.45,2796.9,6016.7,326.6,736.25,520.8
2021-04-05,16850.65,38600.55,1403.8,27212.3,646.25,22646.2,7105.45,202.15,2097.45,2749.8,5985.15,320.45,742.25,528.25
2021-04-06,16830.2,38283.3,1401,27570.35,661.35,22715.05,7122.65,199.9,2114.6,2742.05,6075.85,315.25,835.55,532.2
2021-04-07,17129.1,38428.1,1404.15,27980.15,654.45,22908.6,7179.2,200.4,2157.45,2767.05,6154.55,316,814.75,541.6
2021-04-08,17066.75,40001.7,1419.15,28351.75,651.6,22951.7,7265.8,201.95,2267.1,2771,6145.3,314,823,543
2021-04-09,17022.25,40014.6,1404.1,28302,634.9,22747.3,7311.8,206.05,2242.4,2741.95,6280.1,311.1,823.6,545.25
2021-04-12,16312.95,37767.05,1345.15,28094.4,589.55,21550.95,7154.15,181.1,2129.8,2632.9,6518.7,300.2,744.65,522.45
2021-04-13,16891.55,38352.7,1373.7,27679.25,604.6,22664.6,6905.4,188.05,2204.45,2670.95,6289.85,309.35,731.05,536.15
2021-04-15,16625.5,38193.95,1374.65,27361.95,607.35,22595.6,6995.45,189.2,2234.45,2684.95,6393,309.15,750.35,539.35
2021-04-16,16744.1,38889.5,1359.15,27828.2,611.75,22647.15,7041.15,193.95,2239.3,2682.95,6477.35,312.3,755.5,540.75
2021-04-19,16279.55,37892.2,1310.45,27565.6,597.45,21926.05,6991.8,190.35,2217.9,2638,6555.05,300.25,720.95,526.45
2021-04-20,16520.45,36813.45,1331.5,27503.1,591.75,22323.4,6910.7,197.4,2224.55,2634.3,6751.2,302.75,720.45,530.2
2021-04-22,16614.75,35914.45,1336.8,27089.85,591.6,22591.05,6886.25,192.3,2269.55,2648.7,6784.15,302.4,737.8,530.85
2021-04-23,16601.85,35452.3,1322.9,26768.5,585.4,22657.9,6824.85,188,2264.65,2647.25,6640.25,313.7,725.35,522.6
2021-04-26,16688.05,35650.85,1335.9,27013.5,590.65,22907.95,6815.65,186.4,2308.5,2677.75,6606.8,318.2,730.75,527.55
2021-04-27,16739.75,35756.55,1380.65,26974.9,597.45,23197.6,6863.65,188.15,2380.75,2732.6,6608.9,318.7,749.15,534.3
2021-04-28,16999,36389.5,1375.9,26848,608.05,24255.25,6870.6,189.1,2369.05,2741.45,6598.05,324.5,746.25,544.3
2021-04-29,16801.6,36177.5,1358.65,26703.6,615.8,25117.45,6847.9,186.55,2513.1,2771.35,6653.3,323.2,746.75,540.85
2021-04-30,16576.6,35591.2,1340.45,26342.65,606.9,24678.6,6742.1,185.6,2506.55,2752.5,6727.9,322.5,730.05,536.75
